Type of Error,Value
MSE,0.022994415572167474
RMSE,0.15163909644998375
Adj R^2 Value,0.8678349063897705
