Type of Error,Value
MSE,0.02327100021799671
RMSE,0.15254835370464248
Adj R^2 Value,0.8662451797236395
