Type of Error,Value
MSE,0.023055229822417964
RMSE,0.15183948703291236
Adj R^2 Value,0.8674853640823365
