Type of Error,Value
MSE,0.023275415783478325
RMSE,0.15256282569314952
Adj R^2 Value,0.8662198003604029
